Source File	Size	loadResources	load	generateSnapshots	load-configure	scan	loadDepInfo	loadInfo	checkR4R4B	generateNarratives	validate	loadLists	checkConformanceResources	checkConformanceResources2	checkConformanceResources3	generateLogicalMaps	validateExpressions	scanForUsageStats	checkURLsUnique	processProvenanceDetails	translate	generate1	generate2	generateLogicals	makeDependencies	generateExampleZip	generateValidationPack	scanProfilesForR5	scanExamplesForR5
\fsh-generated\resources\ImplementationGuide-davinci-ra.json	67442	-	0	0	0	0	0	0	35	240	0	0	0	0	0	0	0	2	0	0	0	395	1498	0	0	0	24	0	0
fsh-generated/resources/CodeSystem-cc-type.json	1618	0	0	0	4	0	0	0	0	36	0	0	0	0	0	0	0	0	0	0	0	78	1161	0	0	0	16	0	0
fsh-generated/resources/CodeSystem-coding-gap-remark.json	1539	15	0	0	0	0	0	0	0	14	0	0	0	0	0	0	0	0	0	0	0	75	301	0	0	0	0	0	0
fsh-generated/resources/CodeSystem-evidence-status.json	1200	0	0	0	0	0	0	0	2	19	0	0	0	0	0	0	0	1	0	0	0	105	243	0	0	0	4	0	0
fsh-generated/resources/CodeSystem-hierarchical-status.json	1396	16	0	0	0	0	0	0	0	17	0	0	0	0	0	0	0	0	0	0	0	92	245	0	0	0	0	0	0
fsh-generated/resources/CodeSystem-ra-temp.json	569	0	0	0	0	0	0	0	0	8	0	0	0	0	0	0	0	0	0	0	0	68	313	0	0	0	2	0	0
fsh-generated/resources/CodeSystem-remark-reason.json	1043	20	0	0	0	0	0	0	0	16	0	0	0	0	0	0	0	0	0	0	0	81	234	0	0	0	0	0	0
fsh-generated/resources/ValueSet-cc-type.json	465	0	0	0	0	0	0	0	0	269	0	0	0	0	0	0	0	0	0	0	0	99	660	0	0	0	0	0	0
fsh-generated/resources/ValueSet-coding-gap-remark.json	438	12	0	0	0	0	0	0	0	0	0	0	0	0	0	0	0	0	0	0	0	62	623	0	0	0	0	0	0
fsh-generated/resources/ValueSet-evidence-status.json	506	4	0	0	0	0	0	0	0	26	0	0	14	0	0	0	0	0	0	0	0	60	687	0	0	0	0	0	0
fsh-generated/resources/ValueSet-hierarchical-status.json	578	6	0	0	0	0	0	0	0	6	0	0	0	0	0	0	0	0	0	0	0	65	525	0	0	0	7	0	0
fsh-generated/resources/ValueSet-remark-reason.json	410	10	0	0	0	0	0	0	0	12	0	0	0	0	0	0	0	0	0	0	0	69	573	0	0	0	0	0	0
fsh-generated/resources/ValueSet-remark-type.json	500	6	0	0	0	0	0	0	0	51	0	0	0	0	0	0	0	0	0	0	0	52	524	0	0	0	2	0	0
fsh-generated/resources/ValueSet-sample-cmshcc.json	1563	7	0	0	0	0	0	0	0	19	0	0	0	0	0	0	0	0	0	0	0	74	499	0	0	0	2	0	0
input/examples/Bundle-ra-bundle01.json	99537	31	453	0	0	0	0	0	11	3516	0	0	0	0	0	0	0	1	0	0	0	562	846	0	0	0	0	0	0
input/examples/Bundle-riskgap-data1.json	9468	9	9	0	0	0	0	0	6	2	0	0	0	0	0	0	0	0	0	0	0	88	86	0	0	0	0	0	0
input/examples/Condition-ra-condition01pat03.json	1780	8	0	0	0	0	0	0	0	0	0	0	0	0	0	0	0	0	0	0	0	95	45	0	0	0	0	0	0
input/examples/Condition-ra-condition02pat01.json	1894	7	0	0	0	0	0	0	0	6	0	0	0	0	0	0	0	0	0	0	0	108	59	0	0	0	0	0	0
input/examples/Condition-ra-condition03pat01.json	1803	10	0	0	0	0	0	0	0	3	0	0	0	0	0	0	0	0	0	0	0	106	52	0	0	0	0	0	0
input/examples/Condition-ra-condition04pat03.json	1802	4	0	0	0	0	0	0	0	2	0	0	0	0	0	0	0	0	0	0	0	69	53	0	0	0	0	0	0
input/examples/Condition-ra-condition05pat03.json	1705	10	0	0	0	0	0	0	0	3	0	0	0	0	0	0	0	0	0	0	0	70	40	0	0	0	0	0	0
input/examples/Condition-ra-condition06pat03.json	1818	0	0	0	0	0	0	0	0	4	0	0	0	0	0	0	0	0	0	0	0	86	56	0	0	0	0	0	0
input/examples/Condition-ra-condition07pat03.json	1698	18	0	0	0	0	0	0	0	2	0	0	0	0	0	0	0	0	0	0	0	55	39	0	0	0	0	0	0
input/examples/Condition-ra-condition08pat01.json	1737	6	0	0	0	0	0	0	0	2	0	0	0	0	0	0	0	0	0	0	0	47	62	0	0	0	0	0	0
input/examples/Condition-ra-condition09pat01.json	1709	8	0	0	0	0	0	0	0	2	0	0	0	0	0	0	0	0	0	0	0	85	39	0	0	0	0	0	0
input/examples/Condition-ra-condition10pat01.json	1685	0	0	0	0	0	0	0	0	0	0	0	0	0	0	0	0	0	0	0	0	52	43	0	0	0	0	0	0
input/examples/Condition-ra-condition11pat01.json	1633	0	0	0	0	0	0	0	0	3	0	0	0	0	0	0	0	0	0	0	0	60	52	0	0	0	0	0	0
input/examples/Condition-ra-condition12pat01.json	1656	27	0	0	0	0	0	0	0	2	0	0	0	0	0	0	0	0	0	0	0	95	63	0	0	0	0	0	0
input/examples/Condition-ra-condition15pat03.json	1881	17	0	0	0	0	0	0	0	1	0	0	0	0	0	0	0	0	0	0	0	123	39	0	0	0	0	0	0
input/examples/Condition-ra-condition16pat03.json	1661	13	0	0	0	0	0	0	0	2	0	0	0	0	0	0	0	0	0	0	0	85	40	0	0	0	0	0	0
input/examples/Condition-ra-condition17pat01.json	1705	6	0	0	0	0	0	0	0	2	0	0	0	0	0	0	0	0	0	0	0	92	45	0	0	0	0	0	0
input/examples/Condition-ra-condition18pat01.json	1725	9	0	0	0	0	0	0	0	0	0	0	0	0	0	2	0	0	0	0	0	117	40	0	0	0	0	0	0
input/examples/Condition-ra-condition21pat03.json	1734	2	0	0	5	0	0	0	0	0	0	0	0	0	0	0	0	0	0	0	0	98	44	0	0	0	0	0	0
input/examples/Condition-ra-condition22pat03.json	1653	5	0	0	0	0	0	0	7	0	0	0	0	0	0	0	0	0	0	0	0	67	39	0	0	0	0	0	0
input/examples/Condition-ra-condition23pat03.json	1673	0	0	0	0	0	0	0	0	0	0	0	0	0	0	0	0	0	0	0	0	105	41	0	0	0	0	0	0
input/examples/Condition-ra-condition31pat02.json	1639	16	0	0	0	0	0	0	0	0	0	0	0	0	0	0	0	1	0	0	0	103	38	0	0	0	0	0	0
input/examples/Condition-ra-condition32pat03.json	1658	0	0	0	0	0	0	0	0	13	0	0	0	0	0	0	0	0	0	0	0	59	48	0	0	0	0	0	0
input/examples/Condition-ra-condition33pat01.json	1622	16	0	0	0	0	0	0	0	2	0	0	0	0	0	0	0	0	0	0	0	107	42	0	0	0	0	0	0
input/examples/Condition-ra-condition35pat03.json	1859	0	0	0	0	0	0	0	0	0	0	0	0	0	0	0	0	0	0	0	0	101	52	0	0	0	0	0	0
input/examples/Condition-ra-condition42pat03.json	1783	0	0	0	0	0	0	0	0	2	0	0	0	0	0	0	0	0	0	0	0	109	54	0	0	0	0	0	0
input/examples/Condition-ra-condition43pat01.json	1879	19	0	0	0	0	0	0	0	2	0	0	0	0	0	0	0	0	0	0	0	72	42	0	0	0	0	0	0
input/examples/Condition-ra-condition44pat01.json	1708	6	0	0	0	0	0	0	0	0	0	0	0	0	0	0	0	0	0	0	0	101	46	0	0	0	0	0	0
input/examples/Condition-ra-conditionR01pat01.json	1762	8	0	0	0	0	0	0	2	0	0	0	0	0	0	0	0	0	0	0	0	112	43	0	0	0	0	0	0
input/examples/DocumentReference-ra-documentreference01pat01.json	2135	0	0	0	0	0	0	0	0	8	0	0	0	0	0	0	0	0	0	0	0	75	77	0	0	0	0	0	0
input/examples/Encounter-ra-encounter01pat03.json	1342	17	0	0	0	0	0	0	0	1	0	0	0	0	0	0	0	0	0	0	0	110	85	0	0	0	0	0	0
input/examples/Encounter-ra-encounter02pat01.json	1354	6	0	0	0	0	0	0	0	0	0	0	0	0	0	0	0	0	0	0	0	86	82	0	0	0	0	0	0
input/examples/Encounter-ra-encounter03pat01.json	1517	7	0	0	0	0	0	0	0	0	0	0	0	0	0	0	0	0	0	0	0	96	135	0	0	0	0	0	0
input/examples/Encounter-ra-encounter04pat03.json	1262	0	0	0	0	0	0	0	0	15	0	0	0	0	0	0	0	0	0	0	0	101	93	0	0	0	0	0	0
input/examples/Encounter-ra-encounter05pat03.json	1262	0	0	0	0	0	0	0	0	0	0	0	0	0	0	0	0	0	0	0	0	100	98	0	0	0	0	0	0
input/examples/Encounter-ra-encounter06pat03.json	1262	19	0	0	0	0	0	0	0	0	0	0	0	0	0	0	0	0	0	0	0	107	99	0	0	0	0	0	0
input/examples/Encounter-ra-encounter07pat03.json	1262	4	0	0	0	0	0	0	2	0	0	0	0	0	0	0	0	0	0	0	0	102	90	0	0	0	0	0	0
input/examples/Encounter-ra-encounter08pat01.json	1274	14	0	0	0	0	0	0	0	14	0	0	0	0	0	0	0	0	0	0	0	103	104	0	0	0	0	0	0
input/examples/Encounter-ra-encounter09pat01.json	1274	0	0	0	0	0	0	0	0	1	0	0	0	0	0	0	0	0	0	0	0	112	92	0	0	0	0	0	0
input/examples/Encounter-ra-encounter11pat01.json	1274	10	0	0	0	0	0	0	0	0	0	0	0	0	0	0	0	0	0	0	0	82	114	0	0	0	0	0	0
input/examples/Encounter-ra-encounter15pat03.json	1262	12	0	0	0	0	0	0	0	35	0	0	0	0	0	0	0	0	0	0	0	72	113	0	0	0	0	0	0
input/examples/Encounter-ra-encounter16pat03.json	1262	8	0	0	0	0	0	0	0	5	0	0	0	0	0	0	0	0	0	0	0	43	87	0	0	0	0	0	0
input/examples/Encounter-ra-encounter19pat03.json	1165	5	0	0	0	0	0	0	3	0	0	0	0	0	0	0	0	0	0	0	0	26	81	0	0	0	0	0	0
input/examples/Encounter-ra-encounter21pat03.json	1262	10	0	0	0	0	0	0	0	8	0	0	0	0	0	0	0	0	0	0	0	49	93	0	0	0	0	0	0
input/examples/Encounter-ra-encounter22pat03.json	1262	0	0	0	0	0	0	0	0	4	0	0	0	0	0	0	0	0	0	0	0	53	108	0	0	0	0	0	0
input/examples/Encounter-ra-encounter31pat02.json	1260	16	0	0	0	0	0	0	0	4	0	0	0	0	0	0	0	0	0	0	0	118	110	0	0	0	0	0	0
input/examples/Encounter-ra-encounter35pat03.json	1262	8	0	0	0	0	0	0	2	4	0	0	0	0	0	0	0	0	0	0	0	66	93	0	0	0	0	0	0
input/examples/Encounter-ra-encounter42pat03.json	1262	8	0	0	0	0	0	0	0	4	0	0	0	0	0	0	0	0	0	0	0	46	82	0	0	0	0	0	0
input/examples/Encounter-ra-encounter43pat01.json	1274	6	0	0	0	0	0	0	0	2	0	0	0	0	0	0	0	0	0	0	0	58	83	0	0	0	0	0	0
input/examples/Encounter-ra-encounter44pat01.json	1274	7	0	0	0	0	0	0	0	4	0	0	0	0	0	0	0	0	0	0	0	47	87	0	0	0	0	0	0
input/examples/Encounter-ra-encounter45pat01.json	1274	8	0	0	2	0	0	0	2	2	0	0	0	0	0	0	0	0	0	0	0	62	107	0	0	0	0	0	0
input/examples/Encounter-ra-encounter46pat01.json	1882	5	0	0	0	0	0	0	0	4	0	0	0	0	0	0	0	0	0	0	0	65	124	0	0	0	0	0	0
input/examples/Group-ra-group01.json	818	14	0	0	0	0	0	0	0	4	0	0	0	0	0	0	0	0	0	0	0	50	120	0	0	0	0	0	0
input/examples/Group-ra-group02.json	932	4	0	0	0	0	0	0	0	2	0	0	0	0	0	0	0	0	0	0	0	47	128	0	0	0	0	0	0
input/examples/Measure-ra-model-example01.json	1529	18	0	0	0	0	0	0	0	29	0	0	0	0	0	0	0	0	0	0	0	63	298	0	0	0	0	0	0
input/examples/Measure-ra-model-example02.json	1538	2	0	0	0	0	0	0	2	26	0	0	0	0	0	0	0	0	0	1	0	62	280	0	0	0	0	0	0
input/examples/Measure-ra-model-example03.json	1558	0	0	0	0	0	0	0	0	6	0	0	0	0	0	0	0	1	0	0	0	68	293	0	0	0	0	0	0
input/examples/MeasureReport-ra-datax-measurereport01.json	2118	14	0	0	0	0	0	0	0	0	0	0	0	0	0	0	0	0	0	0	0	67	146	0	0	0	0	0	0
input/examples/MeasureReport-ra-measurereport01-with-remark.json	36414	13	0	0	2	0	0	0	10	35	0	0	0	0	0	0	0	0	0	0	0	255	326	0	0	0	0	0	0
input/examples/MeasureReport-ra-measurereport01.json	30582	13	0	0	0	0	0	0	2	12	0	0	0	0	0	0	0	0	0	0	0	240	316	0	0	0	0	0	0
input/examples/MeasureReport-ra-measurereport02.json	18646	8	0	0	0	0	0	0	0	16	0	0	0	0	0	0	0	0	0	0	0	178	229	0	0	0	0	0	0
input/examples/MeasureReport-ra-measurereport03.json	6153	0	0	0	0	0	0	0	5	4	0	0	0	0	0	0	0	0	0	0	0	120	139	0	0	0	0	0	0
input/examples/MeasureReport-ra-measurereport04.json	35648	16	0	0	0	0	0	0	0	16	0	0	0	0	0	0	0	0	0	0	0	261	391	0	0	0	0	0	0
input/examples/MeasureReport-ra-measurereport05.json	17612	17	0	0	0	0	0	0	5	11	0	0	0	0	0	0	0	0	0	0	0	454	215	0	0	0	0	0	0
input/examples/MeasureReport-ra-measurereport06.json	4335	9	0	0	0	0	0	0	0	0	0	0	0	0	0	0	0	0	0	0	0	155	123	0	0	0	0	0	0
input/examples/Observation-ra-obs01pat02.json	2104	9	0	0	0	0	0	0	0	0	0	0	0	0	0	0	0	0	0	0	0	139	92	0	0	0	0	0	0
input/examples/Observation-ra-obs01pat03.json	2074	7	0	0	0	0	0	0	0	0	0	0	0	0	0	0	0	0	0	0	0	131	55	0	0	0	0	0	0
input/examples/Observation-ra-obs02pat03.json	1264	6	0	0	0	0	0	0	0	0	0	0	0	0	0	0	0	1	0	0	0	105	45	0	0	0	0	0	0
input/examples/Observation-ra-obs21pat01.json	2093	10	0	0	0	0	0	0	0	0	0	0	0	0	0	0	0	0	0	0	0	130	47	0	0	0	0	0	0
input/examples/Organization-ra-laboratory01.json	1200	6	0	0	0	0	0	0	0	0	0	0	0	0	0	0	0	0	0	0	0	117	31	0	0	0	0	0	0
input/examples/Organization-ra-org-author.json	1350	4	0	0	0	0	0	0	0	0	0	0	0	0	0	0	0	0	0	0	0	127	26	0	0	0	0	0	0
input/examples/Organization-ra-org01pat01.json	1255	12	0	0	0	0	0	0	0	0	0	0	0	0	0	0	0	0	0	0	0	135	27	0	0	0	0	0	0
input/examples/Organization-ra-org02pat02.json	1267	12	0	0	0	0	0	0	0	0	0	0	0	0	0	0	0	0	0	0	0	85	27	0	0	0	0	0	0
input/examples/Organization-ra-org03pat03.json	1272	2	0	0	0	0	0	0	4	0	0	0	0	0	0	0	0	0	0	0	0	99	26	0	0	0	0	0	0
input/examples/Organization-ra-payer01.json	1202	6	0	0	0	0	0	0	0	0	0	0	0	0	0	0	0	0	0	0	0	115	29	0	0	0	0	0	0
input/examples/Organization-ra-vendor01.json	1252	13	0	0	0	0	0	0	0	0	0	0	0	0	0	0	0	0	0	0	0	76	27	0	0	0	0	0	0
input/examples/Parameters-ra-measurereport01-patch-multiple.json	4900	9	0	0	0	0	0	0	0	0	0	0	0	0	0	0	0	0	0	0	0	98	98	0	0	0	0	0	0
input/examples/Parameters-ra-measurereport01-patch.json	2121	7	0	0	0	0	0	0	0	0	0	0	0	0	0	0	0	0	0	0	0	87	76	0	0	0	0	0	0
input/examples/Parameters-ra-submit-data.json	17839	13	0	0	0	0	0	0	0	0	0	0	0	0	0	0	0	0	0	0	0	231	92	0	0	0	0	0	0
input/examples/Patient-ra-patient01.json	3282	7	0	0	0	0	0	0	0	151	0	0	0	0	0	0	0	0	0	0	0	100	40	0	0	0	0	0	0
input/examples/Patient-ra-patient02.json	3314	12	0	0	0	0	0	0	0	6	0	0	0	0	0	0	0	0	0	0	0	127	43	0	0	0	0	0	0
input/examples/Patient-ra-patient03.json	3354	6	0	0	0	0	0	0	0	2	0	0	0	0	0	0	0	0	0	0	0	86	35	0	0	0	0	0	0
input/examples/Practitioner-ra-prac01pat01.json	1108	11	0	0	0	0	0	0	0	0	0	0	0	0	0	0	0	0	0	0	0	53	31	0	0	0	0	0	0
input/examples/Practitioner-ra-prac02pat02.json	1089	4	0	0	0	0	0	0	0	0	0	0	0	0	0	0	0	0	0	0	0	92	34	0	0	0	0	0	0
input/examples/Practitioner-ra-prac03pat03.json	1084	7	0	0	0	0	0	0	0	3	0	0	0	0	0	0	0	0	0	0	0	99	35	0	0	0	0	0	0
input/resources/OperationDefinition-ra.evaluate-measure.xml	4452	60	0	0	0	0	0	0	0	14	0	0	0	0	0	0	0	0	0	0	0	126	131	0	0	0	0	0	0
input/resources/OperationDefinition-risk-gap.xml	5960	16	0	0	0	0	0	0	0	13	0	0	0	0	0	0	0	0	0	0	0	102	195	0	0	0	0	0	0
input/resources/OperationDefinition-submit-remark-data.xml	1865	17	0	0	6	0	0	0	5	10	0	0	0	0	0	0	0	0	0	0	0	61	158	0	0	0	0	0	0
input/resources/SearchParameter-measurereport-category.json	1488	14	0	0	0	0	0	0	0	6	0	0	0	0	0	0	0	0	0	0	0	51	234	0	0	0	0	0	0
input/resources/StructureDefinition-ra-ccRemark.xml	11038	33	0	32	0	0	0	0	0	194	0	0	0	910	0	0	0	2	0	0	0	616	10733	0	0	0	30	0	0
input/resources/StructureDefinition-ra-ccType.xml	2318	15	0	31	0	0	0	0	0	12	0	0	0	0	0	0	0	0	0	0	0	149	3278	0	0	0	0	0	0
input/resources/StructureDefinition-ra-clinicalDataCollectionDeadline.xml	2468	21	0	48	0	0	0	0	0	18	0	0	0	0	0	0	0	0	0	0	0	286	3051	0	0	0	0	0	0
input/resources/StructureDefinition-ra-confidenceScale.xml	2210	13	0	40	0	0	0	0	0	14	0	0	0	0	0	0	0	0	0	0	0	266	3283	0	0	0	16	0	16
input/resources/StructureDefinition-ra-contextId.xml	1957	17	0	40	0	0	0	0	0	16	0	0	0	0	0	0	0	0	0	0	0	249	2582	0	0	0	0	0	0
input/resources/StructureDefinition-ra-datax-measurereport.xml	9865	19	0	71	0	0	0	0	0	52	0	0	0	0	0	0	0	1	0	0	0	714	13236	0	0	0	39	0	0
input/resources/StructureDefinition-ra-dxCode.xml	2450	19	0	47	0	0	0	0	0	17	0	0	0	0	0	0	0	0	0	0	0	146	2821	0	0	0	9	0	2
input/resources/StructureDefinition-ra-evidenceStatus.xml	2607	11	0	23	0	0	0	0	0	13	0	0	0	0	0	0	0	0	0	0	0	155	2797	0	0	0	0	0	0
input/resources/StructureDefinition-ra-evidenceStatusDate.xml	1958	11	0	48	0	0	0	0	0	15	0	0	0	0	0	0	0	0	0	0	0	167	2466	0	0	0	0	0	0
input/resources/StructureDefinition-ra-groupReference.xml	2131	16	0	17	0	0	0	0	0	18	0	0	0	0	0	0	0	1	0	0	0	194	2758	0	0	0	16	0	0
input/resources/StructureDefinition-ra-hierarchicalStatus.xml	2658	16	0	48	0	0	0	0	0	14	0	0	0	0	0	0	0	0	0	0	0	192	2911	0	0	0	5	0	0
input/resources/StructureDefinition-ra-measurereport-bundle.xml	4035	15	0	49	17	0	0	0	0	45	0	0	0	0	0	0	0	1	0	0	0	677	27944	0	0	0	29	0	2
input/resources/StructureDefinition-ra-measurereport-remark-bundle.xml	3297	16	0	34	2	0	0	0	0	38	0	0	0	0	0	0	0	1	0	0	0	638	18750	0	0	0	32	0	2
input/resources/StructureDefinition-ra-measurereport-with-remark.xml	2336	16	0	51	0	0	0	2	0	32	0	0	0	0	0	0	0	1	0	0	0	530	14507	0	0	0	30	0	2
input/resources/StructureDefinition-ra-measurereport.xml	14192	22	0	7	0	0	0	0	0	54	0	0	0	0	0	0	0	1	0	0	0	796	14672	0	0	0	80	0	0
input/resources/StructureDefinition-ra-model-measure.xml	3100	10	0	16	0	0	0	0	0	32	0	0	0	0	0	0	0	1	0	0	0	590	13451	0	0	0	44	0	2
input/resources/StructureDefinition-ra-parameters-cc-remark-patch.json	8326	19	0	48	24	0	0	0	0	37	0	0	0	0	0	0	0	1	0	0	0	621	25339	0	0	0	74	0	1
input/resources/StructureDefinition-ra-patient-group.xml	2347	12	0	16	0	0	0	0	0	19	0	0	0	0	0	0	0	0	0	0	0	326	7386	0	0	0	13	0	0
input/resources/StructureDefinition-ra-payerCodingGapReportId.xml	1981	16	0	16	0	0	0	0	0	7	0	0	0	0	0	0	0	0	0	0	0	151	2714	0	0	0	5	0	0
input/resources/StructureDefinition-ra-qualifyingDxCode.xml	3595	0	0	15	0	0	0	0	0	32	0	0	0	0	0	0	0	0	0	0	0	244	4048	0	0	0	0	0	0
input/resources/StructureDefinition-ra-reportingVendor.xml	2295	32	0	14	0	0	0	0	0	11	0	0	0	0	0	0	0	0	0	0	0	146	2630	0	0	0	6	0	0
input/resources/ValueSet-confidence-scale.json	1451	2	0	0	0	0	0	0	0	29	0	0	0	0	0	0	0	0	0	0	0	118	340	0	0	0	2	0	0
input/resources/capabilitystatement-ra-data-submission-client.json	4460	0	0	0	2	0	0	0	0	23	0	0	0	0	0	0	0	0	0	0	0	177	216	0	0	0	3	0	0
input/resources/capabilitystatement-ra-data-submission-server.json	6242	14	0	0	0	0	0	0	0	20	0	0	0	0	0	0	0	0	0	0	0	196	248	0	0	0	3	0	0
input/resources/capabilitystatement-ra-reporting-client.json	15899	0	0	0	0	0	0	0	2	24	0	0	0	0	0	0	0	0	0	0	0	233	260	0	0	0	0	0	0
input/resources/capabilitystatement-ra-reporting-server.json	21982	16	0	0	0	0	0	0	0	25	0	0	0	0	0	0	0	0	0	0	0	270	269	0	0	0	0	0	3
\input\includes\example-list-generator.md	895	-	-	-	0	0	0	0	0	0	0	0	0	0	0	0	0	0	0	0	0	0	2	0	0	0	0	0	0
\input\includes\examplebutton.html	493	-	-	-	0	0	0	0	0	0	0	0	0	0	0	0	0	0	0	0	0	0	2	0	0	0	0	0	0
\input\includes\examplebutton_default.html	497	-	-	-	0	0	0	0	0	0	0	0	0	0	0	0	0	0	0	0	0	0	1	0	0	0	0	0	0
\input\includes\get-risk-adjustment-assisted-csv-example.md	18698	-	-	-	0	0	0	0	0	0	0	0	0	0	0	0	0	0	0	0	0	0	2	0	0	0	0	0	0
\input\includes\get-risk-adjustment-coding-gap-report-usage-example.md	2264	-	-	-	0	0	0	0	0	0	0	0	0	0	0	0	0	0	0	0	0	0	1	0	0	0	0	0	0
\input\includes\get-risk-adjustment-coding-gaps-report-usage-bulk-example.md	1203	-	-	-	0	0	0	0	0	0	0	0	0	0	0	0	0	0	0	0	0	0	1	0	0	0	0	0	0
\input\includes\img-portrait.html	381	-	-	-	0	0	0	0	0	0	0	0	0	0	0	0	0	0	0	0	0	0	2	0	0	0	0	0	0
\input\includes\link-list.md	11427	-	-	-	0	0	0	0	0	0	0	0	0	0	0	0	0	1	0	0	0	0	3	0	0	0	0	0	0
\input\includes\patch-risk-adjustment-coding-gap-report-with-remark-example.md	4697	-	-	-	0	0	0	0	0	0	0	0	0	0	0	0	0	0	0	0	0	0	1	0	0	0	0	0	0
\input\includes\post-risk-adjustment-coding-gap-report-usage-example.md	1324	-	-	-	0	0	0	0	0	0	0	0	0	0	0	0	0	0	0	0	0	0	1	0	0	0	0	0	0
\input\includes\post-risk-adjustment-coding-gap-report-with-remark-bundle-example.md	1588	-	-	-	0	0	0	0	0	0	0	0	0	0	0	0	0	0	0	0	0	0	1	0	0	0	0	0	0
\input\includes\put-risk-adjustment-coding-gap-report-with-remark-example.md	35200	-	-	-	0	0	0	0	0	0	0	0	0	0	0	0	0	0	0	0	0	0	2	0	0	0	0	0	0
\fsh-generated\includes\fsh-link-references.md	7610	-	-	-	0	0	0	0	0	0	0	0	0	0	0	0	0	0	0	0	0	0	2	0	0	0	0	0	0
\fsh-generated\includes\menu.xml	5135	-	-	-	0	0	0	0	0	0	0	0	0	0	0	0	0	0	0	0	0	0	1	0	0	0	0	0	0
\input\pagecontent\background.md	16977	-	-	-	0	0	0	0	0	0	0	0	0	0	0	0	0	0	0	0	0	0	1	0	0	0	0	0	0
\input\pagecontent\capabilities.md	2008	-	-	-	0	0	0	0	0	0	0	0	0	0	0	0	0	0	0	0	0	0	2	0	0	0	0	0	0
\input\pagecontent\cc-remark.md	7470	-	-	-	0	0	0	0	0	0	0	0	0	0	0	0	0	0	0	0	0	0	1	0	0	0	0	0	0
\input\pagecontent\change-log.md	10509	-	-	-	0	0	0	0	0	0	0	0	0	0	0	0	0	0	0	0	0	0	1	0	0	0	0	0	0
\input\pagecontent\credits.md	2790	-	-	-	0	0	0	0	0	0	0	0	0	0	0	0	0	0	0	0	0	0	2	0	0	0	0	0	0
\input\pagecontent\dcc.md	8465	-	-	-	0	0	0	0	0	0	0	0	0	0	0	0	0	0	0	0	0	0	1	0	0	0	0	0	0
\input\pagecontent\downloads.md	1749	-	-	-	0	0	0	0	0	0	0	0	0	0	0	0	0	0	0	0	0	0	1	0	0	0	0	0	0
\input\pagecontent\examples.md	5796	-	-	-	0	0	0	0	0	0	0	0	0	0	0	0	0	0	0	0	0	0	1	0	0	0	0	0	0
\input\pagecontent\extensions.md	1148	-	-	-	0	0	0	0	0	0	0	0	0	0	0	0	0	0	0	0	0	0	1	0	0	0	0	0	0
\input\pagecontent\fhir.md	1693	-	-	-	0	0	0	0	0	0	0	0	0	0	0	0	0	0	0	0	0	0	2	0	0	0	0	0	0
\input\pagecontent\general-guidance.md	7794	-	-	-	0	0	0	0	0	0	0	0	0	0	0	0	0	0	0	0	0	0	2	0	0	0	0	0	0
\input\pagecontent\glossary.md	6120	-	-	-	0	0	0	0	0	0	0	0	0	0	0	0	0	0	0	0	0	0	1	0	0	0	0	0	0
\input\pagecontent\index.md	8317	-	-	-	0	0	0	0	0	0	0	0	0	0	0	0	0	0	0	0	0	0	1	0	0	0	0	0	0
\input\pagecontent\methodology.md	167	-	-	-	0	0	0	0	0	0	0	0	0	0	0	0	0	0	0	0	0	0	1	0	0	0	0	0	0
\input\pagecontent\OperationDefinition-ra.evaluate-measure-intro.md	764	-	-	-	0	0	0	0	0	0	0	0	0	0	0	0	0	0	0	0	0	0	2	0	0	0	0	0	0
\input\pagecontent\OperationDefinition-risk-gap-intro.md	1197	-	-	-	0	0	0	0	0	0	0	0	0	0	0	0	0	0	0	0	0	0	2	0	0	0	0	0	0
\input\pagecontent\operations.md	627	-	-	-	0	0	0	0	0	0	0	0	0	0	0	0	0	0	0	0	0	0	2	0	0	0	0	0	0
\input\pagecontent\profiles.md	765	-	-	-	0	0	0	0	0	0	0	0	0	0	0	0	0	0	0	0	0	0	20	0	0	0	0	0	0
\input\pagecontent\report-generation.md	18321	-	-	-	0	0	0	0	0	0	0	0	0	0	0	0	0	0	0	0	0	0	2	0	0	0	0	0	0
\input\pagecontent\report-query.md	1471	-	-	-	0	0	0	0	0	0	0	0	0	0	0	0	0	0	0	0	0	0	2	0	0	0	0	0	0
\input\pagecontent\search-parameters.md	217	-	-	-	0	0	0	0	0	0	0	0	0	0	0	0	0	0	0	0	0	0	2	0	0	0	0	0	0
\input\pagecontent\security.md	1122	-	-	-	0	0	0	0	0	0	0	0	0	0	0	0	0	0	0	0	0	0	3	0	0	0	0	0	0
\input\pagecontent\StructureDefinition-ra-measurereport-bundle-intro.md	1653	-	-	-	0	0	0	0	0	0	0	0	0	0	0	0	0	0	0	0	0	0	3	0	0	0	0	0	0
\input\pagecontent\StructureDefinition-ra-measurereport-intro.md	2856	-	-	-	0	0	0	0	0	0	0	0	0	0	0	0	0	0	0	0	0	0	6	0	0	0	0	0	0
\input\pagecontent\StructureDefinition-ra-model-measure-intro.md	793	-	-	-	0	0	0	0	0	0	0	0	0	0	0	0	0	0	0	0	0	0	3	0	0	0	0	0	0
\input\pagecontent\StructureDefinition-ra-patient-group-intro.md	683	-	-	-	0	0	0	0	0	0	0	0	0	0	0	0	0	0	0	0	0	0	4	0	0	0	0	0	0
\input\pagecontent\submit-data-to-payer.md	6586	-	-	-	0	0	0	0	0	0	0	0	0	0	0	0	0	0	0	0	0	0	3	0	0	0	0	0	0
\input\pagecontent\terminology.md	1222	-	-	-	0	0	0	0	0	0	0	0	0	0	0	0	0	0	0	0	0	0	2	0	0	0	0	0	0
\input\pagecontent\tools.md	2403	-	-	-	0	0	0	0	0	0	0	0	0	0	0	0	0	0	0	0	0	0	2	0	0	0	0	0	0
\input\pagecontent	0	-	-	-	0	0	0	0	0	0	0	0	0	0	0	0	0	0	0	0	0	0	1	0	0	0	0	0	0
\input\pagecontent\background.md	16977	-	-	-	0	0	0	0	0	0	0	0	0	0	0	0	0	0	0	0	0	0	1	0	0	0	0	0	0
\input\pagecontent\capabilities.md	2008	-	-	-	0	0	0	0	0	0	0	0	0	0	0	0	0	0	0	0	0	0	1	0	0	0	0	0	0
\input\pagecontent\cc-remark.md	7470	-	-	-	0	0	0	0	0	0	0	0	0	0	0	0	0	0	0	0	0	0	2	0	0	0	0	0	0
\input\pagecontent\change-log.md	10509	-	-	-	0	0	0	0	0	0	0	0	0	0	0	0	0	0	0	0	0	0	1	0	0	0	0	0	0
\input\pagecontent\credits.md	2790	-	-	-	0	0	0	0	0	0	0	0	0	0	0	0	0	0	0	0	0	0	2	0	0	0	0	0	0
\input\pagecontent\dcc.md	8465	-	-	-	0	0	0	0	0	0	0	0	0	0	0	0	0	0	0	0	0	0	1	0	0	0	0	0	0
\input\pagecontent\downloads.md	1749	-	-	-	0	0	0	0	0	0	0	0	0	0	0	0	0	0	0	0	0	0	1	0	0	0	0	0	0
\input\pagecontent\examples.md	5796	-	-	-	0	0	0	0	0	0	0	0	0	0	0	0	0	0	0	0	0	0	1	0	0	0	0	0	0
\input\pagecontent\extensions.md	1148	-	-	-	0	0	0	0	0	0	0	0	0	0	0	0	0	0	0	0	0	0	1	0	0	0	0	0	0
\input\pagecontent\fhir.md	1693	-	-	-	0	0	0	0	0	0	0	0	0	0	0	0	0	0	0	0	0	0	1	0	0	0	0	0	0
\input\pagecontent\general-guidance.md	7794	-	-	-	0	0	0	0	0	0	0	0	0	0	0	0	0	0	0	0	0	0	1	0	0	0	0	0	0
\input\pagecontent\glossary.md	6120	-	-	-	0	0	0	0	0	0	0	0	0	0	0	0	0	0	0	0	0	0	1	0	0	0	0	0	0
\input\pagecontent\index.md	8317	-	-	-	0	0	0	0	0	0	0	0	0	0	0	0	0	0	0	0	0	0	1	0	0	0	0	0	0
\input\pagecontent\methodology.md	167	-	-	-	0	0	0	0	0	0	0	0	0	0	0	0	0	0	0	0	0	0	1	0	0	0	0	0	0
\input\pagecontent\OperationDefinition-ra.evaluate-measure-intro.md	764	-	-	-	0	0	0	0	0	0	0	0	0	0	0	0	0	0	0	0	0	0	1	0	0	0	0	0	0
\input\pagecontent\OperationDefinition-risk-gap-intro.md	1197	-	-	-	0	0	0	0	0	0	0	0	0	0	0	0	0	0	0	0	0	0	1	0	0	0	0	0	0
\input\pagecontent\operations.md	627	-	-	-	0	0	0	0	0	0	0	0	0	0	0	0	0	0	0	0	0	0	1	0	0	0	0	0	0
\input\pagecontent\profiles.md	765	-	-	-	0	0	0	0	0	0	0	0	0	0	0	0	0	0	0	0	0	0	1	0	0	0	0	0	0
\input\pagecontent\report-generation.md	18321	-	-	-	0	0	0	0	0	0	0	0	0	0	0	0	0	0	0	0	0	0	1	0	0	0	0	0	0
\input\pagecontent\report-query.md	1471	-	-	-	0	0	0	0	0	0	0	0	0	0	0	0	0	0	0	0	0	0	1	0	0	0	0	0	0
\input\pagecontent\search-parameters.md	217	-	-	-	0	0	0	0	0	0	0	0	0	0	0	0	0	0	0	0	0	0	1	0	0	0	0	0	0
\input\pagecontent\security.md	1122	-	-	-	0	0	0	0	0	0	0	0	0	0	0	0	0	0	0	0	0	0	1	0	0	0	0	0	0
\input\pagecontent\StructureDefinition-ra-measurereport-bundle-intro.md	1653	-	-	-	0	0	0	0	0	0	0	0	0	0	0	0	0	0	0	0	0	0	1	0	0	0	0	0	0
\input\pagecontent\StructureDefinition-ra-measurereport-intro.md	2856	-	-	-	0	0	0	0	0	0	0	0	0	0	0	0	0	0	0	0	0	0	2	0	0	0	0	0	0
\input\pagecontent\StructureDefinition-ra-model-measure-intro.md	793	-	-	-	0	0	0	0	0	0	0	0	0	0	0	0	0	0	0	0	0	0	1	0	0	0	0	0	0
\input\pagecontent\StructureDefinition-ra-patient-group-intro.md	683	-	-	-	0	0	0	0	0	0	0	0	0	0	0	0	0	0	0	0	0	0	1	0	0	0	0	0	0
\input\pagecontent\submit-data-to-payer.md	6586	-	-	-	0	0	0	0	0	0	0	0	0	0	0	0	0	0	0	0	0	0	1	0	0	0	0	0	0
\input\pagecontent\terminology.md	1222	-	-	-	0	0	0	0	0	0	0	0	0	0	0	0	0	0	0	0	0	0	1	0	0	0	0	0	0
\input\pagecontent\tools.md	2403	-	-	-	0	0	0	0	0	0	0	0	0	0	0	0	0	0	0	0	0	0	1	0	0	0	0	0	0
\fsh-generated\includes	0	-	-	-	0	0	0	0	0	0	0	0	0	0	0	0	0	0	0	0	0	0	0	0	0	0	0	0	0
\fsh-generated\includes\fsh-link-references.md	7610	-	-	-	0	0	0	0	0	0	0	0	0	0	0	0	0	0	0	0	0	0	2	0	0	0	0	0	0
\fsh-generated\includes\menu.xml	5135	-	-	-	0	0	0	0	0	0	0	0	0	0	0	0	0	0	0	0	0	0	0	0	0	0	0	0	0
\template\config	0	-	-	-	0	0	0	0	0	0	0	0	0	0	0	0	0	0	0	0	0	0	2	0	0	0	0	0	0
\template\config\_config.yml	140	-	-	-	0	0	0	0	0	0	0	0	0	0	0	0	0	0	0	0	0	0	0	0	0	0	0	0	0
\input\images	0	-	-	-	0	0	0	0	0	0	0	0	0	0	0	0	0	0	0	0	0	0	1	0	0	0	0	0	0
\input\images\actors-post.png	29387	-	-	-	0	0	0	0	0	0	0	0	0	0	0	0	0	0	0	0	0	0	2	0	0	0	0	0	0
\input\images\actors-request.png	32520	-	-	-	0	0	0	0	0	0	0	0	0	0	0	0	0	0	0	0	0	0	1	0	0	0	0	0	0
\input\images\dCC-venn-diagram.png	74078	-	-	-	0	0	0	0	0	0	0	0	0	0	0	0	0	0	0	0	0	0	1	0	0	0	0	0	0
\input\images\hcc-189-venn-diagram.png	86503	-	-	-	0	0	0	0	0	0	0	0	0	0	0	0	0	0	0	0	0	0	1	0	0	0	0	0	0
\input\images\lifecycle-phases.png	51939	-	-	-	0	0	0	0	0	0	0	0	0	0	0	0	0	0	0	0	0	0	1	0	0	0	0	0	0
\input\images\payment-cycle-overlap.png	205680	-	-	-	0	0	0	0	0	0	0	0	0	0	0	0	0	0	0	0	0	0	1	0	0	0	0	0	0
\input\images\ra-task-state-machine.png	23904	-	-	-	0	0	0	0	0	0	0	0	0	0	0	0	0	0	0	0	0	0	1	0	0	0	0	0	0
\input\images\remediation.png	146720	-	-	-	0	0	0	0	0	0	0	0	0	0	0	0	0	0	0	0	0	0	1	0	0	0	0	0	0
\input\images\report-cc-remark-overview-payer.png	48093	-	-	-	0	0	0	0	0	0	0	0	0	0	0	0	0	0	0	0	0	0	1	0	0	0	0	0	0
\input\images\report-cc-remark-overview-provider.png	68251	-	-	-	0	0	0	0	0	0	0	0	0	0	0	0	0	0	0	0	0	0	1	0	0	0	0	0	0
\input\images\report-cc-remark-overview.png	64600	-	-	-	0	0	0	0	0	0	0	0	0	0	0	0	0	0	0	0	0	0	1	0	0	0	0	0	0
\input\images\report-cc-remark-workflow.png	104633	-	-	-	0	0	0	0	0	0	0	0	0	0	0	0	0	0	0	0	0	0	1	0	0	0	0	0	0
\input\images\report-risk-adjustment-resource-graph.png	84512	-	-	-	0	0	0	0	0	0	0	0	0	0	0	0	0	0	0	0	0	0	1	0	0	0	0	0	0
\input\images\report-risk-adjustment.png	225913	-	-	-	0	0	0	0	0	0	0	0	0	0	0	0	0	0	0	0	0	0	1	0	0	0	0	0	0
\input\images\risk-adjustment-activities.png	128510	-	-	-	0	0	0	0	0	0	0	0	0	0	0	0	0	0	0	0	0	0	1	0	0	0	0	0	0
\input\images\risk-adjustment-coding-gap-report-single-patient.png	99862	-	-	-	0	0	0	0	0	0	0	0	0	0	0	0	0	0	0	0	0	0	0	0	0	0	0	0	0
\input\images\risk-adjustment-gaps-workflow.png	25596	-	-	-	0	0	0	0	0	0	0	0	0	0	0	0	0	0	0	0	0	0	1	0	0	0	0	0	0
\input\images\Source	0	-	-	-	0	0	0	0	0	0	0	0	0	0	0	0	0	0	0	0	0	0	1	0	0	0	0	0	0
\input\images\Source\Annotation workflow.drawio	2554	-	-	-	0	0	0	0	0	0	0	0	0	0	0	0	0	0	0	0	0	0	1	0	0	0	0	0	0
\input\images\Source\archived-report-cc-remark-workflow.png	127042	-	-	-	0	0	0	0	0	0	0	0	0	0	0	0	0	0	0	0	0	0	1	0	0	0	0	0	0
\input\images\Source\archived-risk-adjustment-workflow.png	172806	-	-	-	0	0	0	0	0	0	0	0	0	0	0	0	0	0	0	0	0	0	1	0	0	0	0	0	0
\input\images\Source\diagrams.drawio	786765	-	-	-	0	0	0	0	0	0	0	0	0	0	0	0	0	0	0	0	0	0	1	0	0	0	0	0	0
\input\images\Source\Figure 2.3-1 text - Report Query Workflow for a Single Patient.txt	697	-	-	-	0	0	0	0	0	0	0	0	0	0	0	0	0	0	0	0	0	0	1	0	0	0	0	0	0
\input\images\Source\HCC.vsdx	41851	-	-	-	0	0	0	0	0	0	0	0	0	0	0	0	0	0	0	0	0	0	1	0	0	0	0	0	0
\input\images\Source\Risk Adjustment Coding Gap Report Single Patient.txt	162	-	-	-	0	0	0	0	0	0	0	0	0	0	0	0	0	0	0	0	0	0	1	0	0	0	0	0	0
\input\images\Source\Risk Adjustment IG Test Data 2022 01 11.xlsx	29015	-	-	-	0	0	0	0	0	0	0	0	0	0	0	0	0	0	0	0	0	0	1	0	0	0	0	0	0
\input\images\Source\Risk Adjustment Images.pptx	2990561	-	-	-	0	0	0	0	0	0	0	0	0	0	0	0	0	0	0	0	0	0	35	0	0	0	0	0	0
\input\images\Source\Risk-Adjustment-Coding-Gap-Report-single-patient-STU2.txt	758	-	-	-	0	0	0	0	0	0	0	0	0	0	0	0	0	0	0	0	0	0	3	0	0	0	0	0	0
\input\images\Source\Risk-Adjustment-Coding-Gap-Report-single-patient.txt	666	-	-	-	0	0	0	0	0	0	0	0	0	0	0	0	0	0	0	0	0	0	2	0	0	0	0	0	0
\input\images\Source\Risk-Adjustment-Coding-Gap-Report-single.txt	666	-	-	-	0	0	0	0	0	0	0	0	0	0	0	0	0	0	0	0	0	0	1	0	0	0	0	0	0
\input\images\Source\risk-gap.drawio	9650	-	-	-	0	0	0	0	0	0	0	0	0	0	0	0	0	0	0	0	0	0	1	0	0	0	0	0	0
\input\images\Source\tests	0	-	-	-	0	0	0	0	0	0	0	0	0	0	0	0	0	0	0	0	0	0	1	0	0	0	0	0	0
\input\images\Source\tests\device	0	-	-	-	0	0	0	0	0	0	0	0	0	0	0	0	0	0	0	0	0	0	0	0	0	0	0	0	0
\input\images\Source\tests\device\cqf-tooling.json	499	-	-	-	0	0	0	0	0	0	0	0	0	0	0	0	0	0	0	0	0	0	1	0	0	0	0	0	0
\input\images\Source\tests\library	0	-	-	-	0	0	0	0	0	0	0	0	0	0	0	0	0	0	0	0	0	0	0	0	0	0	0	0	0
\input\images\Source\tests\library\FHIRHelpers.json	1515188	-	-	-	0	0	0	0	0	0	0	0	0	0	0	0	0	0	0	0	0	0	3	0	0	0	0	0	0
\input\images\Source\tests\library\HCC189.json	333714	-	-	-	0	0	0	0	0	0	0	0	0	0	0	0	0	0	0	0	0	0	2	0	0	0	0	0	0
\input\images\Source\tests\library\MATGlobalCommonFunctionsFHIR4.json	1699378	-	-	-	0	0	0	0	0	0	0	0	0	0	0	0	0	0	0	0	0	0	6	0	0	0	0	0	0
\input\images\Source\tests\library\MedicareAdvantage.json	167224	-	-	-	0	0	0	0	0	0	0	0	0	0	0	0	0	0	0	0	0	0	7	0	0	0	0	0	0
\input\images\Source\tests\measure	0	-	-	-	0	0	0	0	0	0	0	0	0	0	0	0	0	0	0	0	0	0	1	0	0	0	0	0	0
\input\images\Source\tests\measure\ConditionCategoryPOC.json	37794	-	-	-	0	0	0	0	0	0	0	0	0	0	0	0	0	0	0	0	0	0	6	0	0	0	0	0	0
\input\images\Source\tests\measure\HCC189	0	-	-	-	0	0	0	0	0	0	0	0	0	0	0	0	0	0	0	0	0	0	1	0	0	0	0	0	0
\input\images\Source\tests\measure\HCC189\exclusion-HCC189	0	-	-	-	0	0	0	0	0	0	0	0	0	0	0	0	1	0	0	0	0	0	1	0	0	0	0	0	0
\input\images\Source\tests\measure\HCC189\exclusion-HCC189\Condition-exclusion-HCC189.json	1259	-	-	-	0	0	0	0	0	0	0	0	0	0	0	0	0	0	0	0	0	0	4	0	0	0	0	0	0
\input\images\Source\tests\measure\HCC189\exclusion-HCC189\Condition-exclusion2-HCC189.json	1363	-	-	-	0	0	0	0	0	0	0	0	0	0	0	0	0	0	0	0	0	0	4	0	0	0	0	0	0
\input\images\Source\tests\measure\HCC189\exclusion-HCC189\Encounter-exclusion-HCC189.json	942	-	-	-	0	0	0	0	0	0	0	0	0	0	0	0	0	0	0	0	0	0	4	0	0	0	0	0	0
\input\images\Source\tests\measure\HCC189\exclusion-HCC189\Encounter-exclusion2-HCC189.json	948	-	-	-	0	0	0	0	0	0	0	0	0	0	0	0	0	0	0	0	0	0	4	0	0	0	0	0	0
\input\images\Source\tests\measure\HCC189\exclusion-HCC189\Patient-exclusion-HCC189.json	2861	-	-	-	0	0	0	0	0	0	0	0	0	0	0	0	0	0	0	0	0	0	3	0	0	0	0	0	0
\input\images\Source\tests\measure\HCC189\hist-closed-HCC189	0	-	-	-	0	0	0	0	0	0	0	0	0	0	0	0	0	0	0	0	0	0	1	0	0	0	0	0	0
\input\images\Source\tests\measure\HCC189\hist-closed-HCC189\Condition-hist-closed-HCC189.json	1263	-	-	-	0	0	0	0	0	0	0	0	0	0	0	0	0	0	0	0	0	0	3	0	0	0	0	0	0
\input\images\Source\tests\measure\HCC189\hist-closed-HCC189\Condition-hist-closed2-HCC189.json	1264	-	-	-	0	0	0	0	0	0	0	0	0	0	0	0	0	0	0	0	0	0	4	0	0	0	0	0	0
\input\images\Source\tests\measure\HCC189\hist-closed-HCC189\Encounter-hist-closed-HCC189.json	948	-	-	-	0	0	0	0	0	0	0	0	0	0	0	0	0	0	0	0	0	0	4	0	0	0	0	0	0
\input\images\Source\tests\measure\HCC189\hist-closed-HCC189\Encounter-hist-closed2-HCC189.json	954	-	-	-	0	0	0	0	0	0	0	0	0	0	0	0	0	0	0	0	0	0	4	0	0	0	0	0	0
\input\images\Source\tests\measure\HCC189\hist-closed-HCC189\MeasureReport-hist-closed-HCC189.json	11164	-	-	-	0	0	0	0	0	0	0	0	0	0	0	0	0	0	0	0	0	0	3	0	0	0	0	0	0
\input\images\Source\tests\measure\HCC189\hist-closed-HCC189\Patient-hist-closed-HCC189.json	2863	-	-	-	0	0	0	0	0	0	0	0	0	0	0	0	0	0	0	0	0	0	4	0	0	0	0	0	0
\input\images\Source\tests\measure\HCC189\hist-open-HCC189	0	-	-	-	0	0	0	0	0	0	0	0	0	0	0	0	0	0	0	0	0	0	0	0	0	0	0	0	0
\input\images\Source\tests\measure\HCC189\hist-open-HCC189\Condition-hist-open2-HCC189.json	1260	-	-	-	0	0	0	0	0	0	0	0	0	0	0	0	0	0	0	0	0	0	2	0	0	0	0	0	0
\input\images\Source\tests\measure\HCC189\hist-open-HCC189\Encounter-hist-open-HCC189.json	852	-	-	-	0	0	0	0	0	0	0	0	0	0	0	0	0	0	0	0	0	0	2	0	0	0	0	0	0
\input\images\Source\tests\measure\HCC189\hist-open-HCC189\Encounter-hist-open2-HCC189.json	948	-	-	-	0	0	0	0	0	0	0	0	0	0	0	0	0	0	0	0	0	0	3	0	0	0	0	0	0
\input\images\Source\tests\measure\HCC189\hist-open-HCC189\Patient-hist-open-HCC189.json	2861	-	-	-	0	0	0	0	0	0	0	0	0	0	0	0	0	0	0	0	0	0	2	0	0	0	0	0	0
\input\images\Source\tests\measure\HCC189\ip-HCC189	0	-	-	-	0	0	0	0	0	0	0	0	0	0	0	0	0	0	0	0	0	0	0	0	0	0	0	0	0
\input\images\Source\tests\measure\HCC189\ip-HCC189\Encounter-ip-HCC189.json	838	-	-	-	0	0	0	0	0	0	0	0	0	0	0	0	0	0	0	0	0	0	2	0	0	0	0	0	0
\input\images\Source\tests\measure\HCC189\ip-HCC189\Patient-ip-HCC189.json	2854	-	-	-	0	0	0	0	0	0	0	0	0	0	0	0	0	0	0	0	0	0	2	0	0	0	0	0	0
\input\images\Source\tests\measure\HCC189\netnew-HCC189	0	-	-	-	0	0	0	0	0	0	0	0	0	0	0	0	0	0	0	0	0	0	0	0	0	0	0	0	0
\input\images\Source\tests\measure\HCC189\netnew-HCC189\Condition-netnew-HCC189.json	1253	-	-	-	0	0	0	0	0	0	0	0	0	0	0	0	0	0	0	0	0	0	2	0	0	0	0	0	0
\input\images\Source\tests\measure\HCC189\netnew-HCC189\Encounter-netnew-HCC189.json	960	-	-	-	0	0	0	0	0	0	0	0	0	0	0	0	0	0	0	0	0	0	1	0	0	0	0	0	0
\input\images\Source\tests\measure\HCC189\netnew-HCC189\Patient-netnew-HCC189.json	2858	-	-	-	0	0	0	0	0	0	0	0	0	0	0	0	0	0	0	0	0	0	1	0	0	0	0	0	0
\input\images\Source\tests\measure\HCC189\netnew2-HCC189	0	-	-	-	0	0	0	0	0	0	0	0	0	0	0	0	0	0	0	0	0	0	1	0	0	0	0	0	0
\input\images\Source\tests\measure\HCC189\netnew2-HCC189\Condition-ra-netnew02pat01.json	1267	-	-	-	0	0	0	0	0	0	0	0	0	0	0	0	0	0	0	0	0	0	1	0	0	0	0	0	0
\input\images\Source\tests\measure\HCC189\netnew2-HCC189\Encounter-ra-netnew02pat01.json	1350	-	-	-	0	0	0	0	0	0	0	0	0	0	0	0	0	0	0	0	0	0	1	0	0	0	0	0	0
\input\images\Source\tests\measure\HCC189\netnew2-HCC189\Patient-ra-netnew01.json	2883	-	-	-	0	0	0	0	0	0	0	0	0	0	0	0	0	0	0	0	0	0	2	0	0	0	0	0	0
\input\images\Source\tests\measure\HCC189\tests-exclusion-HCC189-bundle.json	13117	-	-	-	0	0	0	0	0	0	0	0	0	0	0	0	0	0	0	0	0	0	1	0	0	0	0	0	0
\input\images\Source\tests\measure\HCC189\tests-hist-closed-HCC189-bundle.json	28183	-	-	-	0	0	0	0	0	0	0	0	0	0	0	0	0	0	0	0	0	0	1	0	0	0	0	0	0
\input\images\Source\tests\measure\HCC189\tests-hist-open-HCC189-bundle.json	10554	-	-	-	0	0	0	0	0	0	0	0	0	0	0	0	0	0	0	0	0	0	2	0	0	0	0	0	0
\input\images\Source\tests\measure\HCC189\tests-ip-HCC189-bundle.json	6320	-	-	-	0	0	0	0	0	0	0	0	0	0	0	0	0	0	0	0	0	0	1	0	0	0	0	0	0
\input\images\Source\tests\measure\HCC189\tests-netnew-HCC189-bundle.json	8903	-	-	-	0	0	0	0	0	0	0	0	0	0	0	0	0	0	0	0	0	0	1	0	0	0	0	0	0
\input\images\Source\tests\measure\HCC189\tests-netnew2-HCC189-bundle.json	9628	-	-	-	0	0	0	0	0	0	0	0	0	0	0	0	0	0	0	0	0	0	2	0	0	0	0	0	0
\input\images\Source\tests\MeasureReport-ra-measurereport01_DuplicateEvaluatedResource.json	29463	-	-	-	0	0	0	0	0	0	0	0	0	0	0	0	0	0	0	0	0	0	1	0	0	0	0	0	0
\input\images\Source\tests\ReportParameters	0	-	-	-	0	0	0	0	0	0	0	0	0	0	0	0	0	0	0	0	0	0	1	0	0	0	0	0	0
\input\images\Source\tests\ReportParameters\MeasureReport-ra-measurereport07.json	832	-	-	-	0	0	0	0	0	0	0	0	0	0	0	0	0	0	0	0	0	0	1	0	0	0	0	0	0
\input\images\Source\tests\ReportParameters\Patient-ra-patient00.json	2913	-	-	-	0	0	0	0	0	0	0	0	0	0	0	0	0	0	0	0	0	0	2	0	0	0	0	0	0
\input\images\Source\tests\ReportParameters\report-parameters-standard.json	109645	-	-	-	0	0	0	0	0	0	0	0	0	0	0	0	0	0	0	0	0	0	2	0	0	0	0	0	0
\input\images\Source\tests\ReportParameters\report-parameters-subject-group-two.json	48009	-	-	-	0	0	0	0	0	0	0	0	0	0	0	0	0	0	0	0	1	0	2	0	0	0	0	0	0
\input\images\Source\tests\ReportResults	0	-	-	-	0	0	0	0	0	0	0	0	0	0	0	0	0	0	0	0	0	0	0	0	0	0	0	0	0
\input\images\Source\tests\ReportResults\MeasureReport-ra-measurereport01_evaluatedResourceWithNonExistentResource.json	29468	-	-	-	0	0	0	0	0	0	0	0	0	0	0	0	0	0	0	0	0	0	2	0	0	0	0	0	0
\input\images\Source\tests\ReportResults\Result-Bundle-Duplicates-Out-RA	0	-	-	-	0	0	0	0	0	0	0	0	0	0	0	0	0	0	0	0	0	0	0	0	0	0	0	0	0
\input\images\Source\tests\ReportResults\Result-Bundle-Duplicates-Out-RA\Bundle.json	96903	-	-	-	0	0	0	0	0	0	0	0	0	0	0	0	0	0	0	0	0	0	2	0	0	0	0	0	0
\input\images\Source\tests\ReportResults\Result-EvaluatedResource-Count-In-RA	0	-	-	-	0	0	0	0	0	0	0	0	0	0	0	0	0	0	0	0	0	0	0	0	0	0	0	0	0
\input\images\Source\tests\ReportResults\Result-EvaluatedResource-Count-In-RA\Condition01.json	1403	-	-	-	0	0	0	0	0	0	0	0	0	0	0	0	0	0	0	0	0	0	4	0	0	0	0	0	0
\input\images\Source\tests\ReportResults\Result-EvaluatedResource-Count-In-RA\Condition02.json	1403	-	-	-	0	0	0	0	0	0	0	0	0	0	0	0	0	0	0	0	0	0	3	0	0	0	0	0	0
\input\images\Source\tests\ReportResults\Result-EvaluatedResource-Count-In-RA\Encounter01.json	1343	-	-	-	0	0	0	0	0	0	0	0	0	0	0	0	0	0	0	0	0	0	4	0	0	0	0	0	0
\input\images\Source\tests\ReportResults\Result-EvaluatedResource-Count-In-RA\Encounter02.json	1343	-	-	-	0	0	0	0	0	0	0	0	0	0	0	0	0	0	0	0	0	0	3	0	0	0	0	0	0
\input\images\Source\tests\ReportResults\Result-EvaluatedResource-Count-In-RA\MeasureReport.json	4734	-	-	-	0	0	0	0	0	0	0	0	0	0	0	0	0	0	0	0	0	0	3	0	0	0	0	0	0
\input\images\Source\tests\ReportResults\Result-EvaluatedResource-Count-In-RA\Patient.json	2906	-	-	-	0	0	0	0	0	0	0	0	0	0	0	0	0	0	0	0	0	0	3	0	0	0	0	0	0
\input\images\Source\tests\ReportResults\Result-EvaluatedResource-Multiple-In-RA	0	-	-	-	0	0	0	0	0	0	0	0	0	0	0	0	0	0	0	0	0	0	0	0	0	0	0	0	0
\input\images\Source\tests\ReportResults\Result-EvaluatedResource-Multiple-In-RA\Condition01.json	1409	-	-	-	0	0	0	0	0	0	0	0	0	0	0	0	0	0	0	0	0	0	3	0	0	0	0	0	0
\input\images\Source\tests\ReportResults\Result-EvaluatedResource-Multiple-In-RA\Condition02.json	1409	-	-	-	0	0	0	0	0	0	0	0	0	0	0	0	0	0	0	0	0	0	3	0	0	0	0	0	0
\input\images\Source\tests\ReportResults\Result-EvaluatedResource-Multiple-In-RA\Encounter01.json	1358	-	-	-	0	0	0	0	0	0	0	0	0	0	0	0	0	0	0	0	0	0	3	0	0	0	0	0	0
\input\images\Source\tests\ReportResults\Result-EvaluatedResource-Multiple-In-RA\Encounter02.json	1358	-	-	-	0	0	0	0	0	0	0	0	0	0	0	0	0	0	0	0	0	0	3	0	0	0	0	0	0
\input\images\Source\tests\ReportResults\Result-EvaluatedResource-Multiple-In-RA\MeasureReport.json	5087	-	-	-	0	0	0	0	0	0	0	0	0	0	0	0	0	0	0	0	0	0	4	0	0	0	0	0	0
\input\images\Source\tests\ReportResults\Result-EvaluatedResource-Multiple-In-RA\Patient.json	2914	-	-	-	0	0	0	0	0	0	0	0	0	0	0	0	0	0	0	0	0	0	3	0	0	0	0	0	0
\input\images\Source\tests\ReportResults\Result-EvaluatedResources-Condition-In-RA	0	-	-	-	0	0	0	0	0	0	0	0	0	0	0	0	0	0	0	0	0	0	0	0	0	0	0	0	0
\input\images\Source\tests\ReportResults\Result-EvaluatedResources-Condition-In-RA\Condition-out.json	1408	-	-	-	0	0	0	0	0	0	0	0	0	0	0	0	0	0	0	0	0	0	3	0	0	0	0	0	0
\input\images\Source\tests\ReportResults\Result-EvaluatedResources-Condition-In-RA\Condition01.json	1411	-	-	-	0	0	0	0	0	0	0	0	0	0	0	0	0	0	0	0	0	0	3	0	0	0	0	0	0
\input\images\Source\tests\ReportResults\Result-EvaluatedResources-Condition-In-RA\Condition02.json	1411	-	-	-	0	0	0	0	0	0	0	0	0	0	0	0	0	0	0	0	0	0	3	0	0	0	0	0	0
\input\images\Source\tests\ReportResults\Result-EvaluatedResources-Condition-In-RA\Encounter-out.json	1363	-	-	-	0	0	0	0	0	0	0	0	0	0	0	0	0	0	0	0	0	0	4	0	0	0	0	0	0
\input\images\Source\tests\ReportResults\Result-EvaluatedResources-Condition-In-RA\Encounter01.json	1363	-	-	-	0	0	0	0	0	0	0	0	0	0	0	0	0	0	0	0	0	0	3	0	0	0	0	0	0
\input\images\Source\tests\ReportResults\Result-EvaluatedResources-Condition-In-RA\Encounter02.json	1363	-	-	-	0	0	0	0	0	0	0	0	0	0	0	0	0	0	0	0	0	0	4	0	0	0	0	0	0
\input\images\Source\tests\ReportResults\Result-EvaluatedResources-Condition-In-RA\MeasureReport.json	4766	-	-	-	0	0	0	0	0	0	0	0	0	0	0	0	0	0	0	0	0	0	3	0	0	0	0	0	0
\input\images\Source\tests\ReportResults\Result-EvaluatedResources-Condition-In-RA\Observation-out.json	2024	-	-	-	0	0	0	0	0	0	0	0	0	0	0	0	0	0	0	0	0	0	3	0	0	0	0	0	0
\input\images\Source\tests\ReportResults\Result-EvaluatedResources-Condition-In-RA\Patient.json	2913	-	-	-	0	0	0	0	0	0	0	0	0	0	0	0	0	0	0	0	0	0	4	0	0	0	0	0	0
\input\images\Source\tests\ReportResults\Result-Profile-In-RA	0	-	-	-	0	0	0	0	0	0	0	0	0	0	0	0	0	0	0	0	0	0	1	0	0	0	0	0	0
\input\images\Source\tests\ReportResults\Result-Profile-In-RA\Bundle.json	14431	-	-	-	0	0	0	0	0	0	0	0	0	0	0	0	0	0	0	0	0	0	3	0	0	0	0	0	0
\input\images\Source\tests\Touchstone	0	-	-	-	0	0	0	0	0	0	0	0	0	0	0	0	0	0	0	0	0	0	1	0	0	0	0	0	0
\input\images\Source\tests\Touchstone\Sandbox-DVDevelopers	0	-	-	-	0	0	0	0	0	0	0	0	0	0	0	0	0	0	0	0	0	0	0	0	0	0	0	0	0
\input\images\Source\tests\Touchstone\Sandbox-DVDevelopers\Rob-Reynolds	0	-	-	-	0	0	0	0	0	0	0	0	0	0	0	0	0	0	0	0	0	0	1	0	0	0	0	0	0
\input\images\Source\tests\Touchstone\Sandbox-DVDevelopers\Rob-Reynolds\01-RAReport	0	-	-	-	0	0	0	0	0	0	0	0	0	0	0	0	0	0	0	0	0	0	1	0	0	0	0	0	0
\input\images\Source\tests\Touchstone\Sandbox-DVDevelopers\Rob-Reynolds\01-RAReport\04-RA-ReportParameters	0	-	-	-	0	0	0	0	0	0	0	0	0	0	0	0	0	0	0	0	0	0	1	0	0	0	0	0	0
\input\images\Source\tests\Touchstone\Sandbox-DVDevelopers\Rob-Reynolds\01-RAReport\04-RA-ReportParameters\PeriodEnd-In-RA.xml	8347	-	-	-	0	0	0	0	0	0	0	0	0	0	0	0	0	0	0	0	0	0	4	0	0	0	0	0	0
\input\images\Source\tests\Touchstone\Sandbox-DVDevelopers\Rob-Reynolds\01-RAReport\04-RA-ReportParameters\PeriodEnd-None-RA.xml	7194	-	-	-	0	0	0	0	0	0	0	0	0	0	0	0	0	0	0	0	0	0	5	0	0	0	0	0	0
\input\images\Source\tests\Touchstone\Sandbox-DVDevelopers\Rob-Reynolds\01-RAReport\04-RA-ReportParameters\PeriodEnd-Out-Post-RA.xml	8389	-	-	-	0	0	0	0	0	0	0	0	0	0	0	0	0	0	0	0	0	0	4	0	0	0	0	0	0
\input\images\Source\tests\Touchstone\Sandbox-DVDevelopers\Rob-Reynolds\01-RAReport\04-RA-ReportParameters\PeriodEnd-Out-Prior-RA.xml	7414	-	-	-	0	0	0	0	0	0	0	0	0	0	0	0	0	0	0	0	0	0	5	0	0	0	0	0	0
\input\images\Source\tests\Touchstone\Sandbox-DVDevelopers\Rob-Reynolds\01-RAReport\04-RA-ReportParameters\PeriodStart-In-RA.xml	8361	-	-	-	0	0	0	0	0	0	0	0	0	0	0	0	0	0	0	0	0	0	5	0	0	0	0	0	0
\input\images\Source\tests\Touchstone\Sandbox-DVDevelopers\Rob-Reynolds\01-RAReport\04-RA-ReportParameters\PeriodStart-None-RA.xml	7052	-	-	-	0	0	0	0	0	0	0	0	0	0	0	0	0	0	0	0	0	0	4	0	0	0	0	0	0
\input\images\Source\tests\Touchstone\Sandbox-DVDevelopers\Rob-Reynolds\01-RAReport\04-RA-ReportParameters\PeriodStart-Out-Post-End-RA.xml	7297	-	-	-	0	0	0	0	0	0	0	0	0	0	0	0	0	0	0	0	0	0	4	0	0	0	0	0	0
\input\images\Source\tests\Touchstone\Sandbox-DVDevelopers\Rob-Reynolds\01-RAReport\04-RA-ReportParameters\PeriodStart-Out-Post-RA.xml	8253	-	-	-	0	0	0	0	0	0	0	0	0	0	0	0	0	0	0	0	0	0	4	0	0	0	0	0	0
\input\images\Source\tests\Touchstone\Sandbox-DVDevelopers\Rob-Reynolds\01-RAReport\04-RA-ReportParameters\PeriodStart-Out-Prior-RA.xml	8262	-	-	-	0	0	0	0	0	0	0	0	0	0	0	0	0	0	0	0	0	0	4	0	0	0	0	0	0
\input\images\Source\tests\Touchstone\Sandbox-DVDevelopers\Rob-Reynolds\01-RAReport\04-RA-ReportParameters\Subject-Group-In-One-RA.xml	8227	-	-	-	0	0	0	0	0	0	0	0	0	0	0	0	0	0	0	0	0	0	5	0	0	0	0	0	0
\input\images\Source\tests\Touchstone\Sandbox-DVDevelopers\Rob-Reynolds\01-RAReport\04-RA-ReportParameters\Subject-Group-In-Two-RA.xml	8227	-	-	-	0	0	0	0	0	0	0	0	0	0	0	0	0	0	0	0	0	0	4	0	0	0	0	0	0
\input\images\Source\tests\Touchstone\Sandbox-DVDevelopers\Rob-Reynolds\01-RAReport\04-RA-ReportParameters\Subject-Group-Out-RA.xml	7197	-	-	-	0	0	0	0	0	0	0	0	0	0	0	0	0	0	0	0	0	0	5	0	0	0	0	0	0
\input\images\Source\tests\Touchstone\Sandbox-DVDevelopers\Rob-Reynolds\01-RAReport\04-RA-ReportParameters\Subject-Patient-In-No-HCC-RA.xml	9015	-	-	-	0	0	0	0	0	0	0	0	0	0	0	0	0	0	0	0	0	0	4	0	0	0	0	0	0
\input\images\Source\tests\Touchstone\Sandbox-DVDevelopers\Rob-Reynolds\01-RAReport\04-RA-ReportParameters\Subject-Patient-In-No-Reports-RA.xml	9006	-	-	-	0	0	0	0	0	0	0	0	0	0	0	0	0	0	0	0	0	0	4	0	0	0	0	0	0
\input\images\Source\tests\Touchstone\Sandbox-DVDevelopers\Rob-Reynolds\01-RAReport\04-RA-ReportParameters\Subject-Patient-In-RA.xml	8367	-	-	-	0	0	0	0	0	0	0	0	0	0	0	0	0	0	0	0	0	0	5	0	0	0	0	0	0
\input\images\Source\tests\Touchstone\Sandbox-DVDevelopers\Rob-Reynolds\01-RAReport\04-RA-ReportParameters\Subject-Patient-None-RA.xml	7228	-	-	-	0	0	0	0	0	0	0	0	0	0	0	0	0	0	0	0	0	0	4	0	0	0	0	0	0
\input\images\Source\tests\Touchstone\Sandbox-DVDevelopers\Rob-Reynolds\01-RAReport\04-RA-ReportParameters\Subject-Patient-Out-No-PatientOrGroup-RA.xml	7465	-	-	-	0	0	0	0	0	0	0	0	0	0	0	0	0	0	0	0	0	0	5	0	0	0	0	0	0
\input\images\Source\tests\Touchstone\Sandbox-DVDevelopers\Rob-Reynolds\01-RAReport\04-RA-ReportParameters\Subject-Patient-Out-RA.xml	7362	-	-	-	0	0	0	0	0	0	0	0	0	0	0	0	0	0	0	0	0	0	4	0	0	0	0	0	0
\input\images\Source\tests\Touchstone\Sandbox-DVDevelopers\Rob-Reynolds\01-RAReport\05-RA-ReportResults	0	-	-	-	0	0	0	0	0	0	0	0	0	0	0	0	0	0	0	0	0	0	1	0	0	0	0	0	0
\input\images\Source\tests\Touchstone\Sandbox-DVDevelopers\Rob-Reynolds\01-RAReport\05-RA-ReportResults\Result-Bundle-Duplicates-Out-RA.xml	6320	-	-	-	0	0	0	0	0	0	0	0	0	0	0	0	0	0	0	0	0	0	4	0	0	0	0	0	0
\input\images\Source\tests\Touchstone\Sandbox-DVDevelopers\Rob-Reynolds\01-RAReport\05-RA-ReportResults\Result-EvaluatedResources-Condition-In-RA.xml	13837	-	-	-	0	0	0	0	0	0	0	0	0	0	0	0	0	0	0	0	0	0	5	0	0	0	0	0	0
\input\images\Source\tests\Touchstone\Sandbox-DVDevelopers\Rob-Reynolds\01-RAReport\05-RA-ReportResults\Result-EvaluatedResources-Count-In-RA.xml	9008	-	-	-	0	0	0	0	0	0	0	0	0	0	0	0	0	0	0	0	0	0	4	0	0	0	0	0	0
\input\images\Source\tests\Touchstone\Sandbox-DVDevelopers\Rob-Reynolds\01-RAReport\05-RA-ReportResults\Result-EvaluatedResources-Multiple-In-RA.xml	10922	-	-	-	0	0	0	0	0	0	0	0	0	0	0	0	0	0	0	0	0	0	5	0	0	0	0	0	0
\input\images\Source\tests\Touchstone\Sandbox-DVDevelopers\Rob-Reynolds\01-RAReport\05-RA-ReportResults\Result-One-In-RA.xml	10068	-	-	-	0	0	0	0	0	0	0	0	0	0	0	0	0	0	0	0	0	0	4	0	0	0	0	0	0
\input\images\Source\tests\Touchstone\Sandbox-DVDevelopers\Rob-Reynolds\01-RAReport\05-RA-ReportResults\Result-Profile-In-RA.xml	13325	-	-	-	0	0	0	0	0	0	0	0	0	0	0	0	0	0	0	0	0	0	5	0	0	0	0	0	0
\input\images\Source\tests\Touchstone\Sandbox-DVDevelopers\Rob-Reynolds\01-RAReport\05-RA-ReportResults\Result-Two-In-RA.xml	10220	-	-	-	0	0	0	0	0	0	0	0	0	0	0	0	0	0	0	0	0	0	4	0	0	0	0	0	0
\input\images\Source\tests\Touchstone\Sandbox-DVDevelopers\Rob-Reynolds\02-RAEvaluateMeasure	0	-	-	-	0	0	0	0	0	0	0	0	0	0	0	0	0	0	0	0	0	0	1	0	0	0	0	0	0
\input\images\Source\tests\Touchstone\Sandbox-DVDevelopers\Rob-Reynolds\02-RAEvaluateMeasure\01-RA-ReportParameters	0	-	-	-	0	0	0	0	0	0	0	0	0	0	0	0	0	0	0	0	0	0	1	0	0	0	0	0	0
\input\images\Source\tests\Touchstone\Sandbox-DVDevelopers\Rob-Reynolds\02-RAEvaluateMeasure\01-RA-ReportParameters\PeriodEnd-In-RA-EM.xml	8453	-	-	-	0	0	0	0	0	0	0	0	0	0	0	0	0	0	0	0	0	0	5	0	0	0	0	0	0
\input\images\Source\tests\Touchstone\Sandbox-DVDevelopers\Rob-Reynolds\02-RAEvaluateMeasure\01-RA-ReportParameters\PeriodEnd-None-RA-EM.xml	7300	-	-	-	0	0	0	0	0	0	0	0	0	0	0	0	0	0	0	0	0	0	5	0	0	0	0	0	0
\input\images\Source\tests\Touchstone\Sandbox-DVDevelopers\Rob-Reynolds\02-RAEvaluateMeasure\01-RA-ReportParameters\PeriodEnd-Out-Post-RA-EM.xml	8495	-	-	-	0	0	0	0	0	0	0	0	0	0	0	0	0	0	0	0	0	0	4	0	0	0	0	0	0
\input\images\Source\tests\Touchstone\Sandbox-DVDevelopers\Rob-Reynolds\02-RAEvaluateMeasure\01-RA-ReportParameters\PeriodEnd-Out-Prior-RA-EM.xml	7520	-	-	-	0	0	0	0	0	0	0	0	0	0	0	0	0	0	0	0	0	0	5	0	0	0	0	0	0
\input\images\Source\tests\Touchstone\Sandbox-DVDevelopers\Rob-Reynolds\02-RAEvaluateMeasure\01-RA-ReportParameters\PeriodStart-In-RA-EM.xml	8467	-	-	-	0	0	0	0	0	0	0	0	0	0	0	0	0	0	0	0	0	0	4	0	0	0	0	0	0
\input\images\Source\tests\Touchstone\Sandbox-DVDevelopers\Rob-Reynolds\02-RAEvaluateMeasure\01-RA-ReportParameters\PeriodStart-None-RA-EM.xml	7158	-	-	-	0	0	0	0	0	0	0	0	0	0	0	0	0	0	0	0	0	0	5	0	0	0	0	0	0
\input\images\Source\tests\Touchstone\Sandbox-DVDevelopers\Rob-Reynolds\02-RAEvaluateMeasure\01-RA-ReportParameters\PeriodStart-Out-Post-End-RA-EM.xml	7403	-	-	-	0	0	0	0	0	0	0	0	0	0	0	0	0	0	0	0	0	0	4	0	0	0	0	0	0
\input\images\Source\tests\Touchstone\Sandbox-DVDevelopers\Rob-Reynolds\02-RAEvaluateMeasure\01-RA-ReportParameters\PeriodStart-Out-Post-RA-EM.xml	8359	-	-	-	0	0	0	0	0	0	0	0	0	0	0	0	0	0	0	0	0	0	5	0	0	0	0	0	0
\input\images\Source\tests\Touchstone\Sandbox-DVDevelopers\Rob-Reynolds\02-RAEvaluateMeasure\01-RA-ReportParameters\PeriodStart-Out-Prior-RA-EM.xml	8368	-	-	-	0	0	0	0	0	0	0	0	0	0	0	0	0	0	0	0	0	0	4	0	0	0	0	0	0
\input\images\Source\tests\Touchstone\Sandbox-DVDevelopers\Rob-Reynolds\02-RAEvaluateMeasure\01-RA-ReportParameters\Subject-Group-In-One-RA-EM.xml	8330	-	-	-	0	0	0	0	0	0	0	0	0	0	0	0	0	0	0	0	0	0	5	0	0	0	0	0	0
\input\images\Source\tests\Touchstone\Sandbox-DVDevelopers\Rob-Reynolds\02-RAEvaluateMeasure\01-RA-ReportParameters\Subject-Group-In-Two-RA-EM.xml	8331	-	-	-	0	0	0	0	0	0	0	0	0	0	0	0	0	0	0	0	0	0	4	0	0	0	0	0	0
\input\images\Source\tests\Touchstone\Sandbox-DVDevelopers\Rob-Reynolds\02-RAEvaluateMeasure\01-RA-ReportParameters\Subject-Group-Out-RA-EM.xml	7297	-	-	-	0	0	0	0	0	0	0	0	0	0	0	0	0	0	0	0	0	0	4	0	0	0	0	0	0
\input\images\Source\tests\Touchstone\Sandbox-DVDevelopers\Rob-Reynolds\02-RAEvaluateMeasure\01-RA-ReportParameters\Subject-Patient-In-No-Reports-RA-EM.xml	9106	-	-	-	0	0	0	0	0	0	0	0	0	0	0	0	0	0	0	0	0	0	5	0	0	0	0	0	0
\input\images\Source\tests\Touchstone\Sandbox-DVDevelopers\Rob-Reynolds\02-RAEvaluateMeasure\01-RA-ReportParameters\Subject-Patient-In-RA-EM.xml	8473	-	-	-	0	0	0	0	0	0	0	0	0	0	0	0	0	0	0	0	0	0	4	0	0	0	0	0	0
\input\images\Source\tests\Touchstone\Sandbox-DVDevelopers\Rob-Reynolds\02-RAEvaluateMeasure\01-RA-ReportParameters\Subject-Patient-None-RA-EM.xml	7328	-	-	-	0	0	0	0	0	0	0	0	0	0	0	0	0	0	0	0	0	0	5	0	0	0	0	0	0
\input\images\Source\tests\Touchstone\Sandbox-DVDevelopers\Rob-Reynolds\02-RAEvaluateMeasure\01-RA-ReportParameters\Subject-Patient-Out-No-PatientOrGroup-RA-EM.xml	7565	-	-	-	0	0	0	0	0	0	0	0	0	0	0	0	0	0	0	0	0	0	5	0	0	0	0	0	0
\input\images\Source\tests\Touchstone\Sandbox-DVDevelopers\Rob-Reynolds\02-RAEvaluateMeasure\01-RA-ReportParameters\Subject-Patient-Out-RA-EM.xml	7462	-	-	-	0	0	0	0	0	0	0	0	0	0	0	0	0	0	0	0	0	0	4	0	0	0	0	0	0
\input\images\Source\tests\Touchstone\Sandbox-DVDevelopers\Rob-Reynolds\03-RAResolve	0	-	-	-	0	0	0	0	0	0	0	0	0	0	0	0	0	0	0	0	0	0	1	0	0	0	0	0	0
\input\images\Source\tests\Touchstone\Sandbox-DVDevelopers\Rob-Reynolds\03-RAResolve\01-RA-ReportParameters	0	-	-	-	0	0	0	0	0	0	0	0	0	0	0	0	0	0	0	0	0	0	1	0	0	0	0	0	0
\input\images\Source\tests\Touchstone\Sandbox-DVDevelopers\Rob-Reynolds\03-RAResolve\01-RA-ReportParameters\PeriodEnd-In-RA.xml	8553	-	-	-	0	0	0	0	0	0	0	0	0	0	0	0	0	0	0	0	0	0	5	0	0	0	0	0	0
\input\images\Source\tests\Touchstone\Sandbox-DVDevelopers\Rob-Reynolds\03-RAResolve\01-RA-ReportParameters\PeriodEnd-None-RA.xml	7404	-	-	-	0	0	0	0	0	0	0	0	0	0	0	0	0	0	0	0	0	0	4	0	0	0	0	0	0
\input\images\Source\tests\Touchstone\Sandbox-DVDevelopers\Rob-Reynolds\03-RAResolve\01-RA-ReportParameters\PeriodEnd-Out-Post-RA.xml	8595	-	-	-	0	0	0	0	0	0	0	0	0	0	0	0	0	0	0	0	0	0	4	0	0	0	0	0	0
\input\images\Source\tests\Touchstone\Sandbox-DVDevelopers\Rob-Reynolds\03-RAResolve\01-RA-ReportParameters\PeriodEnd-Out-Prior-RA.xml	7624	-	-	-	0	0	0	0	0	0	0	0	0	0	0	0	0	0	0	0	0	0	5	0	0	0	0	0	0
\input\images\Source\tests\Touchstone\Sandbox-DVDevelopers\Rob-Reynolds\03-RAResolve\01-RA-ReportParameters\PeriodStart-In-RA.xml	8567	-	-	-	0	0	0	0	0	0	0	0	0	0	0	0	0	0	0	0	0	0	4	0	0	0	0	0	0
\input\images\Source\tests\Touchstone\Sandbox-DVDevelopers\Rob-Reynolds\03-RAResolve\01-RA-ReportParameters\PeriodStart-None-RA.xml	7289	-	-	-	0	0	0	0	0	0	0	0	0	0	0	0	0	0	0	0	0	0	4	0	0	0	0	0	0
\input\images\Source\tests\Touchstone\Sandbox-DVDevelopers\Rob-Reynolds\03-RAResolve\01-RA-ReportParameters\PeriodStart-Out-Post-End-RA.xml	7507	-	-	-	0	0	0	0	0	0	0	0	0	0	0	0	0	0	0	0	0	0	4	0	0	0	0	0	0
\input\images\Source\tests\Touchstone\Sandbox-DVDevelopers\Rob-Reynolds\03-RAResolve\01-RA-ReportParameters\PeriodStart-Out-Post-RA.xml	8459	-	-	-	0	0	0	0	0	0	0	0	0	0	0	0	0	0	0	0	0	0	5	0	0	0	0	0	0
\input\images\Source\tests\Touchstone\Sandbox-DVDevelopers\Rob-Reynolds\03-RAResolve\01-RA-ReportParameters\PeriodStart-Out-Prior-RA.xml	8468	-	-	-	0	0	0	0	0	0	0	0	0	0	0	0	0	0	0	0	0	0	4	0	0	0	0	0	0
\input\images\Source\tests\Touchstone\Sandbox-DVDevelopers\Rob-Reynolds\03-RAResolve\01-RA-ReportParameters\Subject-Group-In-One-RA.xml	8433	-	-	-	0	0	0	0	0	0	0	0	0	0	0	0	0	0	0	0	0	0	4	0	0	0	0	0	0
\input\images\Source\tests\Touchstone\Sandbox-DVDevelopers\Rob-Reynolds\03-RAResolve\01-RA-ReportParameters\Subject-Group-In-Two-RA.xml	8433	-	-	-	0	0	0	0	0	0	0	0	0	0	0	0	0	0	0	0	0	0	4	0	0	0	0	0	0
\input\images\Source\tests\Touchstone\Sandbox-DVDevelopers\Rob-Reynolds\03-RAResolve\01-RA-ReportParameters\Subject-Group-Out-RA.xml	7407	-	-	-	0	0	0	0	0	0	0	0	0	0	0	0	0	0	0	0	0	0	5	0	0	0	0	0	0
\input\images\Source\tests\Touchstone\Sandbox-DVDevelopers\Rob-Reynolds\03-RAResolve\01-RA-ReportParameters\Subject-Patient-In-No-Reports-RA.xml	9212	-	-	-	0	0	0	0	0	0	0	0	0	0	0	0	0	0	0	0	0	0	4	0	0	0	0	0	0
\input\images\Source\tests\Touchstone\Sandbox-DVDevelopers\Rob-Reynolds\03-RAResolve\01-RA-ReportParameters\Subject-Patient-In-RA.xml	8573	-	-	-	0	0	0	0	0	0	0	0	0	0	0	0	0	0	0	0	0	0	4	0	0	0	0	0	0
\input\images\Source\tests\Touchstone\Sandbox-DVDevelopers\Rob-Reynolds\03-RAResolve\01-RA-ReportParameters\Subject-Patient-None-RA.xml	7438	-	-	-	0	0	0	0	0	0	0	0	0	0	0	0	0	0	0	0	0	0	5	0	0	0	0	0	0
\input\images\Source\tests\Touchstone\Sandbox-DVDevelopers\Rob-Reynolds\03-RAResolve\01-RA-ReportParameters\Subject-Patient-Out-No-PatientOrGroup-RA.xml	7675	-	-	-	0	0	0	0	0	0	0	0	0	0	0	0	0	0	0	0	0	0	4	0	0	0	0	0	0
\input\images\Source\tests\Touchstone\Sandbox-DVDevelopers\Rob-Reynolds\03-RAResolve\01-RA-ReportParameters\Subject-Patient-Out-RA.xml	7572	-	-	-	0	0	0	0	0	0	0	0	0	0	0	0	0	0	0	0	0	0	4	0	0	0	0	0	0
\input\images\Source\tests\Touchstone\Sandbox-DVDevelopers\Rob-Reynolds\04-RAAssisted	0	-	-	-	0	0	0	0	0	0	0	0	0	0	0	0	0	0	0	0	0	0	1	0	0	0	0	0	0
\input\images\Source\tests\Touchstone\Sandbox-DVDevelopers\Rob-Reynolds\04-RAAssisted\01-RA-ReportParameters	0	-	-	-	0	0	0	0	0	0	0	0	0	0	0	0	0	0	0	0	0	0	1	0	0	0	0	0	0
\input\images\Source\tests\Touchstone\Sandbox-DVDevelopers\Rob-Reynolds\04-RAAssisted\01-RA-ReportParameters\PeriodEnd-In-RA.xml	8347	-	-	-	0	0	0	0	0	0	0	0	0	0	0	0	0	0	0	0	0	0	4	0	0	0	0	0	0
\input\images\Source\tests\Touchstone\Sandbox-DVDevelopers\Rob-Reynolds\04-RAAssisted\01-RA-ReportParameters\PeriodEnd-None-RA.xml	7194	-	-	-	0	0	0	0	0	0	0	0	0	0	0	0	0	0	0	0	0	0	5	0	0	0	0	0	0
\input\images\Source\tests\Touchstone\Sandbox-DVDevelopers\Rob-Reynolds\04-RAAssisted\01-RA-ReportParameters\PeriodEnd-Out-Post-RA.xml	8389	-	-	-	0	0	0	0	0	0	0	0	0	0	0	0	0	0	0	0	0	0	4	0	0	0	0	0	0
\input\images\Source\tests\Touchstone\Sandbox-DVDevelopers\Rob-Reynolds\04-RAAssisted\01-RA-ReportParameters\PeriodEnd-Out-Prior-RA.xml	7414	-	-	-	0	0	0	0	0	0	0	0	0	0	0	0	0	0	0	0	0	0	4	0	0	0	0	0	0
\input\images\Source\tests\Touchstone\Sandbox-DVDevelopers\Rob-Reynolds\04-RAAssisted\01-RA-ReportParameters\PeriodStart-In-RA.xml	8361	-	-	-	0	0	0	0	0	0	0	0	0	0	0	0	0	0	0	0	0	0	5	0	0	0	0	0	0
\input\images\Source\tests\Touchstone\Sandbox-DVDevelopers\Rob-Reynolds\04-RAAssisted\01-RA-ReportParameters\PeriodStart-None-RA.xml	7052	-	-	-	0	0	0	0	0	0	0	0	0	0	0	0	0	0	0	0	0	0	4	0	0	0	0	0	0
\input\images\Source\tests\Touchstone\Sandbox-DVDevelopers\Rob-Reynolds\04-RAAssisted\01-RA-ReportParameters\PeriodStart-Out-Post-End-RA.xml	7297	-	-	-	0	0	0	0	0	0	0	0	0	0	0	0	0	0	0	0	0	0	4	0	0	0	0	0	0
\input\images\Source\tests\Touchstone\Sandbox-DVDevelopers\Rob-Reynolds\04-RAAssisted\01-RA-ReportParameters\PeriodStart-Out-Post-RA.xml	8253	-	-	-	0	0	0	0	0	0	0	0	0	0	0	0	0	0	0	0	0	0	5	0	0	0	0	0	0
\input\images\Source\tests\Touchstone\Sandbox-DVDevelopers\Rob-Reynolds\04-RAAssisted\01-RA-ReportParameters\PeriodStart-Out-Prior-RA.xml	8262	-	-	-	0	0	0	0	0	0	0	0	0	0	0	0	0	0	0	0	0	0	4	0	0	0	0	0	0
\input\images\Source\tests\Touchstone\Sandbox-DVDevelopers\Rob-Reynolds\04-RAAssisted\01-RA-ReportParameters\Subject-Group-In-One-RA.xml	8227	-	-	-	0	0	0	0	0	0	0	0	0	0	0	0	0	0	0	0	0	0	4	0	0	0	0	0	0
\input\images\Source\tests\Touchstone\Sandbox-DVDevelopers\Rob-Reynolds\04-RAAssisted\01-RA-ReportParameters\Subject-Group-In-Two-RA.xml	8227	-	-	-	0	0	0	0	0	0	0	0	0	0	0	0	0	0	0	0	0	0	4	0	0	0	0	0	0
\input\images\Source\tests\Touchstone\Sandbox-DVDevelopers\Rob-Reynolds\04-RAAssisted\01-RA-ReportParameters\Subject-Group-Out-RA.xml	7197	-	-	-	0	0	0	0	0	0	0	0	0	0	0	0	0	0	0	0	0	0	5	0	0	0	0	0	0
\input\images\Source\tests\Touchstone\Sandbox-DVDevelopers\Rob-Reynolds\04-RAAssisted\01-RA-ReportParameters\Subject-Patient-In-No-HCC-RA.xml	9015	-	-	-	0	0	0	0	0	0	0	0	0	0	0	0	0	0	0	0	0	0	7	0	0	0	0	0	0
\input\images\Source\tests\Touchstone\Sandbox-DVDevelopers\Rob-Reynolds\04-RAAssisted\01-RA-ReportParameters\Subject-Patient-In-No-Reports-RA.xml	9006	-	-	-	0	0	0	0	0	0	0	0	0	0	0	0	0	0	0	0	0	0	4	0	0	0	0	0	0
\input\images\Source\tests\Touchstone\Sandbox-DVDevelopers\Rob-Reynolds\04-RAAssisted\01-RA-ReportParameters\Subject-Patient-In-RA.xml	8367	-	-	-	0	0	0	0	0	0	0	0	0	0	0	0	0	0	0	0	0	0	4	0	0	0	0	0	0
\input\images\Source\tests\Touchstone\Sandbox-DVDevelopers\Rob-Reynolds\04-RAAssisted\01-RA-ReportParameters\Subject-Patient-None-RA.xml	7228	-	-	-	0	0	0	0	0	0	0	0	0	0	0	0	0	0	0	0	0	0	5	0	0	0	0	0	0
\input\images\Source\tests\Touchstone\Sandbox-DVDevelopers\Rob-Reynolds\04-RAAssisted\01-RA-ReportParameters\Subject-Patient-Out-No-PatientOrGroup-RA.xml	7465	-	-	-	0	0	0	0	0	0	0	0	0	0	0	0	0	0	0	0	0	0	4	0	0	0	0	0	0
\input\images\Source\tests\Touchstone\Sandbox-DVDevelopers\Rob-Reynolds\04-RAAssisted\01-RA-ReportParameters\Subject-Patient-Out-RA.xml	7362	-	-	-	0	0	0	0	0	0	0	0	0	0	0	0	0	0	0	0	0	0	4	0	0	0	0	0	0
\input\images\Source\vocabulary	0	-	-	-	0	0	0	0	0	0	0	0	0	0	0	0	0	0	0	0	0	0	0	0	0	0	0	0	0
\input\images\Source\vocabulary\valueset	0	-	-	-	0	0	0	0	0	0	0	0	0	0	0	0	0	0	0	0	0	0	1	0	0	0	0	0	0
\input\images\Source\vocabulary\valueset\example-acquired-lower-limb-deformities.json	3625	-	-	-	0	0	0	0	0	0	0	0	0	0	0	0	0	0	0	0	0	0	3	0	0	0	0	0	0
\input\images\Source\vocabulary\valueset\example-hcc189-exclusion.json	3596	-	-	-	0	0	0	0	0	0	0	0	0	0	0	0	0	0	0	0	0	0	3	0	0	0	0	0	0
\input\images\Source\vocabulary\valueset\valueset-2.16.840.1.113762.1.4.1108.15.json	859	-	-	-	0	0	0	0	0	0	0	0	0	0	0	0	0	0	0	0	0	0	3	0	0	0	0	0	0
\input\images\Source\vocabulary\valueset\valueset-2.16.840.1.113762.1.4.1111.143.json	714	-	-	-	0	0	0	0	0	0	0	0	0	0	0	0	0	0	0	0	0	0	3	0	0	0	0	0	0
\input\images\Source\vocabulary\valueset\valueset-2.16.840.1.113883.3.117.1.7.1.292.json	731	-	-	-	0	0	0	0	0	0	0	0	0	0	0	0	0	0	0	0	0	0	3	0	0	0	0	0	0
\input\images\Source\vocabulary\valueset\valueset-2.16.840.1.113883.3.464.1003.101.12.1001.json	5971	-	-	-	0	0	0	0	0	0	0	0	0	0	0	0	0	0	0	0	0	0	3	0	0	0	0	0	0
\input\images\Source\vocabulary\valueset\valueset-2.16.840.1.113883.3.464.1003.101.12.1023.json	1910	-	-	-	0	0	0	0	0	0	0	0	0	0	0	0	0	0	0	0	0	0	2	0	0	0	0	0	0
\input\images\Source\vocabulary\valueset\valueset-2.16.840.1.113883.3.464.1003.101.12.1025.json	1953	-	-	-	0	0	0	0	0	0	0	0	0	0	0	0	0	0	0	0	0	0	2	0	0	0	0	0	0
\input\images\Source\vocabulary\valueset\valueset-2.16.840.1.113883.3.464.1003.101.12.1083.json	38844	-	-	-	0	0	0	0	0	0	0	0	0	0	0	0	0	0	0	0	0	0	2	0	0	0	0	0	0
\input\images\Source\vocabulary\valueset\valueset-2.16.840.1.113883.3.464.1003.101.12.1084.json	15996	-	-	-	0	0	0	0	0	0	0	0	0	0	0	0	0	0	0	0	0	0	2	0	0	0	0	0	0
\input\images\Source\vocabulary\valueset\valueset-2.16.840.1.113883.3.464.1003.101.12.1086.json	3559	-	-	-	0	0	0	0	0	0	0	0	0	0	0	0	0	0	0	0	0	0	2	0	0	0	0	0	0
\input\images\Source\vocabulary\valueset\valueset-2.16.840.1.113883.3.526.3.1240.json	1378	-	-	-	0	0	0	0	0	0	0	0	0	0	0	0	0	0	0	0	0	0	1	0	0	0	0	0	0
\input\images\Source\vocabulary\valueset\valueset-2.16.840.1.113883.3.666.5.307.json	1021	-	-	-	0	0	0	0	0	0	0	0	0	0	0	0	0	0	0	0	0	0	1	0	0	0	0	0	0
\input\images\submit-data.png	10335	-	-	-	0	0	0	0	0	0	0	0	0	0	0	0	0	0	0	0	0	0	1	0	0	0	0	0	0
\input\images\three-stages-submit.png	51939	-	-	-	0	0	0	0	0	0	0	0	0	0	0	0	0	0	0	0	0	0	1	0	0	0	0	0	0
\input\images\workflow-medicare-advantage.png	114797	-	-	-	0	0	0	0	0	0	0	0	0	0	0	0	0	0	0	0	0	0	1	0	0	0	0	0	0
\input\images\workflow-medicare-advantage_STU1.png	74747	-	-	-	0	0	0	0	0	0	0	0	0	0	0	0	0	0	0	0	0	0	1	0	0	0	0	0	0
\temp\pages\_includes\artifacts.xml	86174	-	-	-	-	-	-	-	-	-	-	-	-	-	-	-	-	-	-	-	-	-	3	0	0	0	0	0	0
\temp\pages\_includes\burdenReduction.svg	25509	-	-	-	-	-	-	-	-	-	-	-	-	-	-	-	-	-	-	-	-	-	2	0	0	0	0	0	0
